245a,362a,525a,785t,260a,260b,260c,780t,580a,300a,300b,310a,210a,550a,785c,245h,650v,id_inst,pub_location,lcsh,loc_call_num_subject,publisher,pub_date_numeric,online_avail,format,title_sort,language,title,holding_libs,id_oclc,call_num,title_link_friendly
Aide-mémoire de photographie.,v. 1-35; 1876-1910.,NA,NA,"Paris,",Gauthier-Villars.,NA,NA,NA,35 v.,ill.,Annual,NA,NA,NA,NA,Periodicals.,NA,NA,NA,NA,NA,NA,NA,NA,NA,NA,NA,NA,NA,NA,NA
Amateur-Photograph.,Published Sept. 1866-June 1905.,NA,Photographische Welt.,"Leipzig,",E. Liesegang.,NA,NA,NA,v.,ill.,NA,NA,NA,NA,NA,NA,NA,NA,NA,NA,NA,NA,NA,NA,NA,NA,NA,NA,NA,NA,NA
The Amateur photographer.,"Vol. 1, no. 1 (Oct. 10, 1884)-v. 47, no. 1231 (May 5, 1908).",NA,"[Photographic news, Amateur photographer and photographic news]",London :,"[Hazell, Watson & Viney,",1884-1908],NA,"Merged with: Photographic news, May 12, 1908, to form: The Amateur photographer and photographic news.",47 v. :,ill.;,Weekly,NA,NA,NA,NA,NA,NA,NA,NA,NA,NA,NA,NA,NA,NA,NA,NA,NA,NA,NA,NA
The Amateur photographer and photographic news.,"v. 47-67 (no. 1232-1758); May 12, 1908-June 10, 1918.",Many numbers have separately paged supplements.,"[Photography and focus, Amateur photographer & photography]","London,","Hazell, Watson & Viney.",NA,"[Photographic news, Amateur photographer]","[Formed by the union of: The Photographic news, and: Amateur photographer., Merged with: Photography and focus, to form: Amateur photographer & photography.]",21 v.,"ill., plates., diagrs.",NA,NA,NA,NA,NA,NA,NA,NA,NA,NA,NA,NA,NA,NA,NA,NA,NA,NA,NA,NA,NA
The Amateur photographer & photography.,"v. 46-64 (no. 1545-2020); June 19, 1918-July 27, 1927.",NA,Amateur photographer & cinematographer,London,[Iliffe],NA,"[Amateur photographer and photographic news, Photography and focus]","Formed by the union of: The Amateur photographer and photographic news, and: Photography and focus.",19 v.,ill.,Weekly,NA,NA,NA,NA,Periodicals.,NA,NA,NA,NA,NA,NA,NA,NA,NA,NA,NA,NA,NA,NA,NA
The Amateur photographer & cinematographer.,"v. 54-95 (no. 2021-2953); Aug. 3, 1927-June 13, 1945.",NA,Amateur photographer,"London,",[Iliffe],NA,"[Amateur photographer & photography, New photographer]",NA,32 v.,"ill., diagrs., ports.",Weekly,NA,NA,NA,NA,Periodicals.,NA,NA,NA,NA,NA,NA,NA,NA,NA,NA,NA,NA,NA,NA,NA
Amateur photographer.,"v. 95- (no. 2954- ); June 20,1945-",NA,NA,"[Sutton, etc.","IPC Business Press, etc.]",NA,Amateur photographer & cinematographer,NA,v.,ill.,Weekly,Amat. photogr.,NA,NA,NA,NA,NA,NA,NA,NA,NA,NA,NA,NA,NA,NA,NA,NA,NA,NA,NA
American almanac of photography for ..,NA,NA,NA,"Cincinnati, Ohio :",Peter Smith.,NA,NA,NA,1 online resource (v.) :,ill.,NA,NA,NA,NA,NA,Periodicals.,NA,NA,NA,NA,NA,NA,NA,NA,NA,NA,NA,NA,NA,NA,NA
The American amateur photographer.,"Vol. 1, no. 1 (July 1889)-v. 18, no. 12 (Dec. 1906).",NA,"[Camera and dark room, American amateur photographer and camera and dark room]","[New York, N.Y. :","American Photographic Pub. Co.,",1889-1906.,NA,"Merged with Camera and dark room to form: American amateur photographer and camera and dark room, in Jan. 1907.",v. :,ill. ;,NA,NA,NA,NA,NA,Periodicals.,NA,NA,NA,NA,NA,NA,NA,NA,NA,NA,NA,NA,NA,NA,NA
The American amateur photographer and camera & dark-room,"Vol. 19, no. 1 (Jan. 1907)-v. 19, no. 6 (June 1907).",NA,"[Photo beacon, American photography]",New York :,"American Photographic Pub. Co.,",1907.,"[American amateur photographer, Camera and dark room]","[Formed by the union of: American amateur photographer, and: Camera and dark room., Merged with: Photo beacon, to form: American photography.]",1 v. :,ill. ;,Monthly,NA,NA,NA,[microform].,Periodicals.,NA,NA,NA,NA,NA,NA,NA,NA,NA,NA,NA,NA,NA,NA,NA
American photography.,"v. 1-47, no. 7; July 1907-July 1953.",NA,Photography,"[New York,",American Photographic Pub. Co.],NA,"[American amateur photographer and camera & dark-room, Photo beacon, Camera notes, Popular photography, Amateur photographer's weekly, Photo-craft, Photo-era magazine, Photo miniature, Photo technique, Camera craft]","[Formed by the union of: American amateur photographer and camera & dark-room, and: Photo beacon., Absorbed Camera notes in Jan. 1909; Popular photography in Jan. 1917; Amateur photographer's weekly in Nov. 1919; Photo-craft in Feb. 1920; Photo-era magazine in Apr. 1932; Photo miniature in Oct. 1939; Photo technique in Jan. 1942; Camera craft in Apr. 1942.]",47 v.,"ill., plates (part col.)",NA,Am. photogr.,"[Official organ of the Camera Club of New York, 1900-Apr. 1912; of the Photo Pictorialists of Buffalo, 1909-Dec. 1914; of the Boston Photo-Clan, Dec. 1911-Dec. 1914., Published by American Photographic Publishing Co.]",(Aug. 1952),NA,Periodicals.,NA,NA,NA,NA,NA,NA,NA,NA,NA,NA,NA,NA,NA,NA,NA
Camera notes.,"v. 1-6, no. 4; July 1897-Dec. 1903.",NA,"[American amateur photographer, Photo-beacon, American photography]","New York,",Camera Club.,NA,Journal,Merged with American amateur photographer and Photo-beacon to form American photography.,6 v.,ill.,NA,NA,Official organ of the Camera Club of New York.,NA,NA,Periodicals.,NA,NA,NA,NA,NA,NA,NA,NA,NA,NA,NA,NA,NA,NA,NA
Popular photography.,"v. 1-4, no. 7; Oct. 1912-Apr. 1916",NA,American photography,"Boston,",American Photographic Pub. Co.,NA,NA,Merged into American photography.,4 v.,ill.,NA,NA,NA,NA,NA,NA,NA,NA,NA,NA,NA,NA,NA,NA,NA,NA,NA,NA,NA,NA,NA
The Amateur photographer's weekly.,"Vol. 1, no. 1 (July 12, 1912)-v. 15, no. 380 (Oct. 17, 1919).",NA,American photography,"Cleveland, Ohio :","[J.C. Abel],",1912-1919.,"[Photoisms, Professional and amateur photographer]",NA,15 v. :,ill. ;,Weekly,NA,NA,NA,NA,Periodicals.,NA,NA,NA,NA,NA,NA,NA,NA,NA,NA,NA,NA,NA,NA,NA
The Amateur photographer's weekly.,"Vol. 1, no. 1 (July 12, 1912)-v. 15, no. 380 (Oct. 17, 1919).",NA,American photography,"Cleveland, Ohio :","[J.C. Abel],",1912-1919.,"[Photoisms, Professional and amateur photographer]",NA,15 v. :,ill. ;,Weekly,NA,NA,NA,NA,Periodicals.,NA,NA,NA,NA,NA,NA,NA,NA,NA,NA,NA,NA,NA,NA,NA
Photo craft;,V. 1 (Feb. 1918)-,NA,NA,Ann Arbor.,NA,NA,NA,NA,v.,illus.,Monthly,NA,NA,NA,NA,NA,NA,NA,NA,NA,NA,NA,NA,NA,NA,NA,NA,NA,NA,NA,NA
Photo-era.,"Vol. 1, no. 1 (May 1898)-v. 45, no. 12 (1920)",NA,Photo-era magazine,"Boston, Mass. :","New England Photo Era Pub. Co.,",1898-1920.,NA,NA,45 v. :,ill. ;,NA,NA,Official organ of the Photographers' Club of New England and the Valley Camera Club.,NA,NA,NA,NA,NA,NA,NA,NA,NA,NA,NA,NA,NA,NA,NA,NA,NA,NA
The Photo-miniature.,"Vol. 1, no. 1 (Apr. 1899)-v. 18, no. 205 (June 1932).",NA,"[New photo-miniature, American photography]","New York, N.Y. :","Tennant and Ward,",1899-1932.,NA,NA,18 v. :,ill. ;,Monthly,NA,NA,NA,NA,Periodicals.,NA,NA,NA,NA,NA,NA,NA,NA,NA,NA,NA,NA,NA,NA,NA
Photo technique.,v. 1-3; June 1939-Dec. 1941.,NA,American photography,"[New York,",McGraw-Hill Pub. Co.],NA,NA,NA,NA,NA,NA,NA,NA,NA,NA,NA,NA,NA,NA,NA,NA,NA,NA,NA,NA,NA,NA,NA,NA,NA,NA
Camera craft.,"Began publication with v. 1, no. 1, May 1900 issue and ceased publication with v. 49, no. 3, Mar. 1942 issue.",NA,American photography,San Francisco :,"[Fayette J. Clute,",1900-1942],Western camera notes,NA,v. :,ill. ;,NA,NA,"Official organ of the Photographers' Association of California, Nov. 1922-Jan. 1925; and of other similar organizations.",NA,NA,NA,NA,NA,NA,NA,NA,NA,NA,NA,NA,NA,NA,NA,NA,NA,NA
Popular photography.,"v. 36, no. 2- Feb. 1955-Dec. 2002.",NA,Popular photography & imaging,"[Los Angeles, Calif., etc.,","CBS Magazines, etc.]",NA,"[Photography, Modern photography]",NA,v.,ill. (part col.),Monthly,Pop. photogr.,NA,NA,NA,"[Periodicals., Periodicals.]",NA,NA,NA,NA,NA,NA,NA,NA,NA,NA,NA,NA,NA,NA,NA
Modern photography.,"[-v. 53, no. 7 (July 1989)., Began in Sept. 1949.]",NA,Popular photography,"[New York, N.Y. :","Photography Pub. Corp.,",-c1989.,Minicam photography,NA,v. :,ill. (part col.) ;,Monthly,Mod. photogr.,NA,NA,NA,Periodicals.,NA,NA,NA,NA,NA,NA,NA,NA,NA,NA,NA,NA,NA,NA,NA
Minicam photography.,"Vol. 3, no. 6 (Feb. 1940)-v. 12, no. 11 (July/Aug. 1949).",NA,"Modern photography (New York, N.Y.)","[Cincinnati, Ohio :","Automobile Digest Pub. Corp.,",1940-1949.,Minicam,NA,10 v. :,ill. (some col.) ;,Monthly,NA,NA,NA,NA,Periodicals.,NA,NA,NA,NA,NA,NA,NA,NA,NA,NA,NA,NA,NA,NA,NA
Minicam.,"Vol 1, no. 1 (Sept. 1937)-v. 3, no. 5 (Jan. 1940).",NA,Minicam photography,"[New York, N.Y. :","Minicam, Inc.,",1937-1940.,NA,NA,3 v. :,ill. ;,Monthly,NA,NA,NA,NA,Periodicals.,NA,NA,NA,NA,NA,NA,NA,NA,NA,NA,NA,NA,NA,NA,NA
Popular photography & imaging.,"Vol. 67, no. 1 (Jan. 2003)-v. 72, no. 4 (Apr. 2008).",NA,Popular photography (2008),"New York, N.Y. :","Hachette Filipacchi Media,",©2002-©2008.,Popular photography,NA,volumes :,illustrations ;,Monthly,"[POPULAR PHOTOGRAPHY AND IMAGING, Pop. photogr. imaging]",NA,NA,NA,"[Periodicals., Periodicals.]",NA,NA,NA,NA,NA,NA,NA,NA,NA,NA,NA,NA,NA,NA,NA
Popular photography.,"Began with vol. 72, no. 1 (Jan. 2008).",NA,NA,"New York, N.Y. :",Hachette Filipacchi Media,NA,Popular photography & imaging,NA,v. :,ill. ;,Monthly,NA,NA,NA,NA,"[Periodicals., Periodicals.]",NA,NA,NA,NA,NA,NA,NA,NA,NA,NA,NA,NA,NA,NA,NA
The Photo-beacon.,"Vol. 5 (1893)-v. 19, no. 6 (June 1907).",NA,"[American amateur photographer, American photography]","Chicago, Ill. :","Photo-Beacon Co.,",1893-1907.,Beacon,"Merged with: American amateur photographer, to form: American photography.",15 v. :,ill. ;,NA,NA,NA,NA,NA,Periodicals.,NA,NA,NA,NA,NA,NA,NA,NA,NA,NA,NA,NA,NA,NA,NA
The Beacon.,v. 1-4; 1889-1892.,NA,Photo-beacon,"Chicago,",Beacon Pub. Co.,NA,NA,NA,4 v.,ill.,Monthly,NA,NA,NA,NA,Periodicals.,NA,NA,NA,NA,NA,NA,NA,NA,NA,NA,NA,NA,NA,NA,NA
The American annual of photography and photographic times almanac.,1887-1902.,NA,American annual of photography and photographic times-bulletin almanac,New York :,"Scovill Manufacturing Co.,",1887-1902.,NA,NA,16 v. :,ill. ;,Annual,NA,NA,NA,NA,Periodicals.,NA,NA,NA,NA,NA,NA,NA,NA,NA,NA,NA,NA,NA,NA,NA
The American annual of photography and photographic times-bulletin almanac.,1903-1905.,NA,American annual of photography and photographic times almanac (1906),New York :,"Anthony & Scovill Co.,",1902-1904.,American annual of photography and photographic times almanac (1887),NA,3 v. :,ill. ;,Annual,NA,NA,NA,NA,Periodicals.,NA,NA,NA,NA,NA,NA,NA,NA,NA,NA,NA,NA,NA,NA,NA
The American annual of photography and photographic times almanac.,1906-1907.,NA,American annual of photography,New York :,"Styles & Cash,",1905-1906.,American annual of photography and photographic times-bulletin almanac,NA,2 v. :,ill. ;,Annual,NA,NA,NA,NA,Periodicals.,NA,NA,NA,NA,NA,NA,NA,NA,NA,NA,NA,NA,NA,NA,NA
The American annual of photography.,"[1908-, Ceased in 1953.]",NA,Photography annual,New York :,"Tennant and Ward,",1907-,American annual of photography and photographic times almanac (1906),NA,v. :,"ill., plates, photos ;",Annual,NA,NA,NA,NA,Periodicals.,NA,NA,NA,NA,NA,NA,NA,NA,NA,NA,NA,NA,NA,NA,NA
Photography annual.,1951-,NA,NA,"[New York, etc.,",Ziff-Davis],NA,NA,NA,v.,ill. (part col.),Annual,Photogr. ann.,Compiled by the editors of Popular photography.,NA,NA,"[Periodicals., Periodicals.]",NA,NA,NA,NA,NA,NA,NA,NA,NA,NA,NA,NA,NA,NA,NA
The American journal of photography.,"[Began publication 1852., Ceased publication with n.s. Vol. 9 (1867).]",NA,NA,New York :,"Seely & Garbanati,",1852-1867.,NA,NA,15 v. :,ill. ;,NA,NA,NA,NA,NA,Periodicals.,NA,NA,NA,NA,NA,NA,NA,NA,NA,NA,NA,NA,NA,NA,NA
The American journal of science and arts.,Began with: Vol. 2 in Apr. 1820; ceased with: v. 118 in 1879.,NA,American journal of science,New-Haven :,S. Converse,NA,"American journal of science, & c","Vols. for <18 -> include: Proceedings of the Boston Society of Natural History, later issued separately.",116 v. :,"ill., maps ;","Monthly,",Am. j. sci. arts,NA,NA,NA,"[Periodicals., Periodicals.]",NA,NA,NA,NA,NA,NA,NA,NA,NA,NA,NA,NA,NA,NA,NA
"The American journal of science, & c.","Vol. 1, no. 1 ([July 1818])-v. 1, no. 4 ([May 1819]).",NA,American journal of science and arts,New York :,"J. Eastburn and Co.,",1818-1819.,NA,Continued in Apr. 1820 by: American journal of science and arts.,1 v. :,"ill., maps ;",Annual,Am. j. sci.,NA,NA,NA,"[Periodicals., Periodicals., Periodicals.]",NA,NA,NA,NA,NA,NA,NA,NA,NA,NA,NA,NA,NA,NA,NA
The American journal of science.,"Vol. 119, no. 109 (Jan. 1880)-",NA,NA,New Haven :,"J.D. & E.S. Dana,",1880-,American journal of science and arts,NA,v. :,"ill., maps ;",10 no. a year,Am. j. sci.,NA,NA,NA,Periodicals.,NA,NA,NA,NA,NA,NA,NA,NA,NA,NA,NA,NA,NA,NA,NA
Annuaire photographique pour l'année ...,Began publication with 1865; ceased with 1870.,NA,NA,Paris :,"Garithier-Villars,",NA,NA,NA,6 v. :,ill.,Annual,NA,NA,NA,[microform].,Periodicals.,NA,NA,NA,NA,NA,NA,NA,NA,NA,NA,NA,NA,NA,NA,NA
Anthony's photographic bulletin.,"[Vol. 1, no. 1] (Feb. 1870)-v. 33 (Apr. 1902)",NA,"[Photographic times, Photographic times-bulletin]",New York :,"E. & H. T. Anthony & Co.,",[1870-1902],NA,"Merged with: Photographic times, to form: Photographic times-bulletin.",33 v. :,"ill., plates., ports. ;",Monthly,NA,NA,NA,NA,NA,NA,NA,NA,NA,NA,NA,NA,NA,NA,NA,NA,NA,NA,NA,NA
The Photographic times :,"Vol. 26, no. 1 (Jan. 1895)-v. 34, no. 4 (Apr. 1902).",NA,Photographic times-bulletin,"New York, N.Y. :","Photographic Times Publishing Assn.,",1895-1902.,Photographic times and American photographer,NA,9 v. :,ill. ;,NA,NA,NA,NA,NA,Periodicals.,NA,NA,NA,NA,NA,NA,NA,NA,NA,NA,NA,NA,NA,NA,NA
Photographic times and American photographer.,"Vol. 11, no. 121 (Jan. 1881)-v. 25, no. 693 (Dec. 28, 1894).",NA,Photographic times (1895),New York :,"Scovill Manufacturing Co.,",1881-1894.,Photographic times (1871),NA,15 v. :,ill. ;,"Weekly,",NA,NA,NA,NA,Periodicals.,NA,NA,NA,NA,NA,NA,NA,NA,NA,NA,NA,NA,NA,NA,NA
The Photographic times.,"Vol. 1, no. 1 (1871)-v. 10 (1880).",NA,Photographic times and American photographer,"New York, N.Y. :","Scoville Manufacturing Co.,",1871-1880.,NA,NA,10 v. :,ill. ;,NA,NA,NA,NA,NA,Periodicals.,NA,NA,NA,NA,NA,NA,NA,NA,NA,NA,NA,NA,NA,NA,NA
The Photographic times-bulletin.,"Vol. 34, no. 5 (May 1902)-v. 36, no. 12 (Dec. 1904).",NA,Photographic times (1905),New York :,"Photographic Times-Bulletin Publishing Assn.,",1902-1904.,"[Photographic times (1895), Anthony's photographic bulletin]",NA,3 v. :,ill. ;,Monthly,NA,NA,NA,NA,Periodicals.,NA,NA,NA,NA,NA,NA,NA,NA,NA,NA,NA,NA,NA,NA,NA
The Photographic times.,"Vol. 37, no. 1 (Jan. 1905)-v. 47, no. 12 (Dec. 1915).",NA,Popular photography,New York :,"Photographic Times Publishing Assn.,",1905-1915.,Photographic times-bulletin,NA,11 v. :,ill. ;,Monthly,NA,NA,NA,NA,Periodicals.,NA,NA,NA,NA,NA,NA,NA,NA,NA,NA,NA,NA,NA,NA,NA
Art-union.,v. 1-10; Feb. 1839-1848.,NA,Art-journal,London.,NA,NA,NA,NA,10 v.,NA,NA,NA,NA,NA,NA,Periodicals.,NA,NA,NA,NA,NA,NA,NA,NA,NA,NA,NA,NA,NA,NA,NA
L'Artiste.,"[Began publication with 1er sér., t. 1 (1831)., Ceased publication with 4 sér., t. 3 (juin 1845).]",NA,"[Revue de Paris, Artiste revue de Paris]",Paris :,"Aux bureaux de L'Artiste,",NA,NA,Merged with: Revue de Paris; to form: Artiste revue de Paris.,21 v. :,ill. ;,NA,NA,NA,NA,NA,NA,NA,NA,NA,NA,NA,NA,NA,NA,NA,NA,NA,NA,NA,NA,NA
Revue de Paris.,"t. 1-57, 1829-33; ser. 2, t. 1-60, 1834-38; ser. 3, t. 1-36, 1839-41; ser. 4, t. 1-28, 1842-44; ser. 5, t. 1-4, mai 4, 1844-juin 14, 1845.",NA,NA,"Paris,",Bureau de la Revue de Paris.,NA,NA,NA,185 v.,ill.,NA,NA,NA,NA,NA,"[Periodicals., Periodicals.]",NA,NA,NA,NA,NA,NA,NA,NA,NA,NA,NA,NA,NA,NA,NA
"L'Artiste, revue de Paris.","[Began publication with 4. sér, t. 4 in July 1845., Ceased publication with 5. sér, t. 7 (1851/1852).]",NA,L'Artiste,Paris :,"Aux Bureau de la Revue,",1845-1852.,"[Artiste, Revue de Paris]","Formed by the union of: L'Artiste; and, Revue de Paris.",15 v. :,"illus., plates, parts. ;","Two issues monthly, June 1848- Jan. 1852.",NA,NA,"(Paris, 1852-1904)",NA,Periodicals.,NA,NA,NA,NA,NA,NA,NA,NA,NA,NA,NA,NA,NA,NA,NA
L'Artiste.,"5. sér., t. 8-16, 1852-56; 6. sér., t. 1-3, 1856-57; [7.sér.] t. 1-12, 1857-61; [8. sér.] 32.-60. année, 1862-90; [9. sér.] t. 1-14, 1891-97; [10. sér.] t. 1-7, 1898-1904.",NA,NA,"[Paris,, Bureaux de l'Artiste.]",NA,NA,"Artiste, revue de Paris",NA,v.,"illus., plates, ports.","monthly, 1874-1904.",NA,NA,NA,NA,Periodicals.,NA,NA,NA,NA,NA,NA,NA,NA,NA,NA,NA,NA,NA,NA,NA
The British journal of photography.,"Vol. 8, no. 108 (Jan. 1, 1860)-",NA,NA,London :,"H. Greenwood,",1860-,"[Photographic journal (Liverpool, England), British journal of digital imaging]","[Has supplements: Lantern record, Oct. 1892-Dec. 1901; British journal of photography monthly supplement on colour photography, Jan. 1907- ; British journal of photography. Information directory, <1933- >; BJP information directory, <1995- >, Issues for Feb. 12, 1997- include: British journal of digital imaging, with its own enumeration and pagination.]",v. :,ill. ;,"Monthly,",Br. j. photogr.,NA,NA,NA,Periodicals.,NA,NA,NA,NA,NA,NA,NA,NA,NA,NA,NA,NA,NA,NA,NA
The Lantern record.,Oct. 1892-Dec. 1901.,NA,NA,[London :,"Henry Greenwood & Co.],",1892-1901.,NA,Supplement to: British journal of photography.,v.:,ill. ;,Monthly.,NA,NA,NA,NA,NA,NA,NA,NA,NA,NA,NA,NA,NA,NA,NA,NA,NA,NA,NA,NA
The British journal of photography monthly supplement on colour photography.,"June 7, 1907-",NA,NA,London :,"H. Greenwood,",1907-,Colour photography,NA,v. :,ill. ;,Monthly.,NA,NA,NA,NA,Periodicals.,NA,NA,NA,NA,NA,NA,NA,NA,NA,NA,NA,NA,NA,NA,NA
Colour photography :,"Vol. 1, no. 1 (Jan. 4, 1907)-vol. 1, no. 5 (May 3, 1907)",NA,British journal of photography monthly supplement on colour photography,London :,"Henry Greenwood & Co.,",1907.,NA,NA,1 v. :,ill. ;,Monthly.,NA,NA,NA,NA,Periodicals.,NA,NA,NA,NA,NA,NA,NA,NA,NA,NA,NA,NA,NA,NA,NA
Photographic journal.,v. 6 (no. 85-108); Jan.-Dec. 1859.,NA,British journal of photography,"[Liverpool,, London.]",H. Greenwood [etc.],NA,Liverpool and Manchester photographic journal,NA,1 v.,ill.,Semimonthly.,NA,NA,NA,NA,NA,NA,NA,NA,NA,NA,NA,NA,NA,NA,NA,NA,NA,NA,NA,NA
Bulletin de l'Association belge de photographie.,"Vol. 1, no. 1 (1ère année, 1874)-",NA,Photo,"Bruxelles, Belgium :","l'Asssociation,",1874-,NA,Published also 1931-< > Association belge de photographie et de cinématographie.,v. :,ill. ;,NA,NA,NA,NA,NA,Periodicals.,NA,NA,NA,NA,NA,NA,NA,NA,NA,NA,NA,NA,NA,NA,NA
"Bulletin illustré des sociétés d'Arras, Charleville-Meźières, Douai, Dunkerque, Hénin-Liétard, Le Cateau, Lens Roubaix & Saint-Omer.",NA,NA,NA,Douai (Nord),NA,NA,NA,NA,v.,NA,NA,NA,NA,NA,NA,NA,NA,NA,NA,NA,NA,NA,NA,NA,NA,NA,NA,NA,NA,NA,NA
Bulletin du Photo-Club de Paris.,1. année (1891)-12. année (1902).,NA,NA,Paris :,"Photo-Club de Paris,",NA,NA,NA,12 v. :,ill. ;,Monthly,NA,NA,NA,NA,Periodicals.,NA,NA,NA,NA,NA,NA,NA,NA,NA,NA,NA,NA,NA,NA,NA
Bulletin.,"1. sér., t. 1-31, 1855-1885; 2. sér., t. 2-25, 1886-1909; 3. sér., t. 1-25, 1910-1938; 4. sér., t. 1- 1939-",NA,NA,"Paris,",Société française de photographie.,NA,NA,NA,v.,ill.,NA,NA,NA,NA,NA,Periodicals.,NA,NA,NA,NA,NA,NA,NA,NA,NA,NA,NA,NA,NA,NA,NA
The Chemist.,"Vol. 1 (Jan. 1840)-Vol. 8 (Oct. 1847); New Ser., vol. 1 (Oct. 1849)-new ser., v.4 (Sept. 1853); Ser. 3, vol. 1 (Oct. 1853)-ser. 3, v.6, no. 2 (Nov. 1858)",NA,NA,London :,R. Hastings.,NA,NA,NA,v. :,ill. ;,NA,NA,"[Editors: 1840-1845, C. and J. Watt, 1846, J. H. Newton; 1847, J. Watt and P. J. Murphy; 1849-1858, J. and C. Watt., Publisher varies 1840-1843. Printed for the proprietors and sold by R. Hastings; -1844, Alexander Watt; 1845- George Peirce; W. and T. Piper; Sept. 1854, Samuel Highley.]",NA,NA,Periodicals.,NA,NA,NA,NA,NA,NA,NA,NA,NA,NA,NA,NA,NA,NA,NA
Comptes rendus hebdomadaires des séances de l'Académie des sciences.,NA,NA,NA,Paris :,"Bachelier,imprimeur-libraire,",1839.,NA,NA,"[4], 1075, [1] p. ;",NA,NA,NA,NA,NA,NA,NA,NA,NA,NA,NA,NA,NA,NA,NA,NA,NA,NA,NA,NA,NA,NA
Comptes rendus hebdomadaires des séances de l'Académie des sciences.,NA,NA,NA,Paris :,"Bachelier,imprimeur-libraire,",1839.,NA,NA,"[4], 903, [1] p. ;",NA,NA,NA,NA,NA,NA,NA,NA,NA,NA,NA,NA,NA,NA,NA,NA,NA,NA,NA,NA,NA,NA
Comptes rendus hebdomadaires des séances de l'Académie des sciences.,"[-t. 261, no 25 (20 déc. 1965)., Began in Aug. 1835.]",NA,"[Comptes rendus hebdomadaires des séances de l'Académie des Sciences. Série C, Sciences chimiques, Comptes rendus hebdomadaires des séances de l'Académie des Sciences. Série D, Sciences naturelles, Comptes rendus hebdomadaires des séances de l'Académie des sciences. A, Sciences mathématiques, B, Sciences physiques (1966)]",Paris :,"[publiés avec le concours du Centre national de la recherche scientifique par MM. les secrétaires perpétuels :, Gauthier-Villars,]",-1965.,NA,"[Split into: Comptes rendus hebdomadaires des séances de l'Académie des sciences. A, Sciences mathématiques, B, Sciences physiques (1966); Comptes rendus hebdomadaires des séances de l'Académie des sciences. Série C, Sciences chimiques; and: Comptes rendus hebdomadaires des séances de l'Académie des sciences. Série D, Sciences naturelles., The proceedings for the period prior to 1835 are contained in: Académie des sciences (France). Procès-verbaux des séances de l'Académie tenues depuis la fondation de l'Institut jusqu'au mois d'août 1835.]",261 v. :,"ill., maps. ;",Weekly,C. r. hebd. séances Acad. sci.,NA,NA,NA,Periodicals.,NA,NA,NA,NA,NA,NA,NA,NA,NA,NA,NA,NA,NA,NA,NA
Commércio e indústria.,"1o. anno, no. 1 (1880)-",NA,NA,Lisboa :,"Empreza Almeida Pinto & Ca.,",1880-,NA,NA,v. :,ports. ;,NA,NA,NA,NA,NA,NA,NA,NA,NA,NA,NA,NA,NA,NA,NA,NA,NA,NA,NA,NA,NA
Cosmos;,Published 1852-1869.,NA,NA,Paris.,NA,NA,NA,NA,v.,NA,NA,NA,NA,NA,NA,NA,NA,NA,NA,NA,NA,NA,NA,NA,NA,NA,NA,NA,NA,NA,NA
The Edinburgh review.,Vol. 1 (Oct. 1802)-250 (Oct. 1929) = No. 1-no. 510.,NA,NA,Edinburgh :,"A. and C. Black,",1803-1929.,NA,Issued also in an American edition.,250 v. ;,NA,Quarterly,NA,NA,NA,NA,Periodicals.,NA,NA,NA,NA,NA,NA,NA,NA,NA,NA,NA,NA,NA,NA,NA
The Edinburgh review.,"Vol. 1, no. 1 (Oct. 1802)-v. 250, no. 510 (Oct. 1929).",NA,NA,New York :,"Leonard Scott,",1803-1929.,NA,NA,250 v. ;,NA,Quarterly,NA,NA,NA,NA,NA,NA,NA,NA,NA,NA,NA,NA,NA,NA,NA,NA,NA,NA,NA,NA
De Fotograaf;,NA,NA,NA,De Bilt.,NA,NA,NA,NA,v.,NA,NA,NA,Orgaan van den Bond van N.A.F.V. en van de Amsterdamsche A.F.V.,NA,NA,NA,NA,NA,NA,NA,NA,NA,NA,NA,NA,NA,NA,NA,NA,NA,NA
Harringtons' photographic journal.,Began in 1892.,NA,NA,Sydney :,"Harringtons,",NA,NA,NA,v. :,ill. ;,Monthly,NA,NA,NA,NA,Periodicals.,NA,NA,NA,NA,NA,NA,NA,NA,NA,NA,NA,NA,NA,NA,NA
Humphrey's journal of the daguerreotype and photographic arts and the sciences and arts pertaining to heliography.,"Publication began in Apr. 1852 with Vol. 1, no. 1; ceased in Apr. 1862.",NA,Humphrey's journal of photography and the heliographic arts and sciences,New York :,"[s.n.,",NA,Daguerreian journal,NA,v. :,ill. ;,Semimonthly,NA,NA,NA,NA,"[Periodicals., Periodicals.]",NA,NA,NA,NA,NA,NA,NA,NA,NA,NA,NA,NA,NA,NA,NA
The Daguerreian journal.,"Vol. 1 (Nov. 1, 1850)-v. 3, no. 3 (Dec. 15, 1851).",NA,Humphrey's journal of the daguerreotype and photographic arts and the sciences and arts pertaining to heliography,New York :,"S.D. Humphrey,",1850-51.,NA,NA,3 v. :,ill. ;,Semimonthly,NA,NA,NA,NA,"[Periodicals., Periodicals.]",NA,NA,NA,NA,NA,NA,NA,NA,NA,NA,NA,NA,NA,NA,NA
Humphrey's journal of photography and the heliographic arts and sciences.,"Publication began on May 3, 1862; ceased on Apr. 15, 1863.",NA,Humphrey's journal of photography and the allied arts and sciences,New York :,"J. H. Ladd,",NA,Humphrey's journal of the daguerreotype and photographic arts and the sciences and arts pertaining to heliography,NA,v. :,ill. ;,Semimonthly,NA,NA,NA,NA,NA,NA,NA,NA,NA,NA,NA,NA,NA,NA,NA,NA,NA,NA,NA,NA
Humphrey's journal of photography and the allied arts and sciences.,"[Vol. 15, no. 1 (May 1, 1863)-, Ceased on July 15, 1870.]",NA,NA,New York :,"J.H. Ladd,",1863-,Humphrey's journal of photography and the heliographic arts and sciences,NA,7 v. :,ill. ;,Semimonthly,NA,NA,NA,NA,"[Periodicals., Periodicals.]",NA,NA,NA,NA,NA,NA,NA,NA,NA,NA,NA,NA,NA,NA,NA
Jahrbuch für Photographie und Reproductionstechnik für das Jahr ...,1. Jahrg. (1887)-28. Jahrg. (1914).,NA,Jahrbuch für Photographie und Reproduktionsverfahren für die Jahre ...,Halle a.S. :,"Wilhelm Knapp,",1887-1914.,NA,NA,28 v. :,"ill., plates ;",Annual,NA,NA,NA,NA,Periodicals.,NA,NA,NA,NA,NA,NA,NA,NA,NA,NA,NA,NA,NA,NA,NA
"Jahrbuch für Photographie, Kinematographie und Reproduktionsverfahren für die Jahre ...","30. Bd., 1. Teil (1921/1927)-31. Bd., 2. Teil (1928/1929).",NA,NA,Halle :,"Wilhelm Knapp,",1928-,Jahrbuch für Photographie und Reproduktionsverfahren für die Jahre ...,NA,2 v. :,"ill., plates, ;","Biennial,",NA,NA,NA,NA,Periodicals.,NA,NA,NA,NA,NA,NA,NA,NA,NA,NA,NA,NA,NA,NA,NA
Journal of the Camera Club.,"v. 2, no. 14-v. 17, no. 205; Jan. 1888-June 1903.",NA,NA,"London,",Camera Club.,NA,Proceedings of the Camera Club,NA,v.,ill.,NA,NA,NA,NA,NA,Periodicals.,NA,NA,NA,NA,NA,NA,NA,NA,NA,NA,NA,NA,NA,NA,NA
Journal of the Photographic Society of Bombay,"No. 1 (Jan. 15, 1855)-",NA,NA,Bombay :,"Published by Smith Taylor and Co. for the Photographic Society of Bombay,",1855-,NA,NA,v. :,ill. ;,Monthly,NA,NA,NA,[microform].,Periodicals.,NA,NA,NA,NA,NA,NA,NA,NA,NA,NA,NA,NA,NA,NA,NA
The Journal of the Photographic Society of London :,"No. 1 (Mar. 3, 1853)-no. 268 (June 23, 1876).",NA,"Photographic journal (London, England : 1876)",London :,"Taylor and Francis,",1853-1876.,NA,NA,16 v. :,ill. ;,Monthly (irregular),NA,NA,NA,NA,"[Periodicals., Periodicals.]",NA,NA,NA,NA,NA,NA,NA,NA,NA,NA,NA,NA,NA,NA,NA
The photographic journal :,"Sept. 8, 1876-Nov. 1944.",NA,"[Photographic journal. Section A, Pictorial and general photography, Photographic journal. Section B, Scientific and technical photography]",[London] :,"The Society,",1876-[1944],Journal of the Photographic Society of London,"Continued in 1945 by: Photographic journal. Section A, Pictorial and general photoraphy; and: Photographic journal. Section B, Scientific and technical photography.",68 v. :,ill. ;,Monthly,NA,Vols. for -July 1894 issued by Photographic Society of Great Britain.,NA,NA,"[Periodicals., Periodicals.]",NA,NA,NA,NA,NA,NA,NA,NA,NA,NA,NA,NA,NA,NA,NA
The Photographic journal.,"Vol. 85, no. 1 (Jan. 1945)-v. 95, no. 12 (Dec. 1955).",NA,"Photographic journal (London, England * 1956)",[London] :,"The Society,",[1945-1955],"Photographic journal (London, England : 1876)",NA,11 v. :,ill. ;,Monthly,NA,NA,NA,NA,Periodicals.,NA,NA,NA,NA,NA,NA,NA,NA,NA,NA,NA,NA,NA,NA,NA
The Photographic journal :,Jan. 1956-,NA,NA,"[London, England] :","The Society,",[1956-,"Photographic journal.  Section A, Pictorial & general photography",NA,v. :,ill. ;,Monthly.,Photogr. j.,NA,NA,NA,Periodicals.,NA,NA,NA,NA,NA,NA,NA,NA,NA,NA,NA,NA,NA,NA,NA
RPS journal.,Sept. 1999-,"Beginning with Apr. 2004, has monthly supplement called: Membership matters.",NA,Croyon [England] :,"Royal Photographic Society,",c1999-,"Photographic journal (London, England : 1956)",NA,v. :,ill. (some col.) ;,Ten no. a year,NA,NA,NA,NA,"[Periodicals., Periodicals.]",NA,NA,NA,NA,NA,NA,NA,NA,NA,NA,NA,NA,NA,NA,NA
Photographic journal.,"Vol. 85B, no. 1 (Jan./Feb. 1945)-v. 92, no. 6 (Nov./Dec. 1952).",NA,Journal of photographic science,London :,"The Society,",[1945-1952],"Photographic journal (London, England : 1876)",NA,8 v. :,ill ;,Bimonthly,NA,NA,NA,NA,"[Periodicals., Periodicals.]",NA,NA,NA,NA,NA,NA,NA,NA,NA,NA,NA,NA,NA,NA,NA
The imaging science journal.,"Vol. 45, no. 1 (1997)-",NA,NA,Bath [England] :,"Royal Photographic Society of Great Britain,",[1997-,Journal of photographic science,NA,v. :,ill. ;,Four issues yearly,"[IMAGING SCI J, IMAGING S J, IMAGING SCIENCE JOURNAL]",Official publication of The Royal Photographic Society of Great Britain.,NA,NA,"[Periodicals., Periodicals.]",NA,NA,NA,NA,NA,NA,NA,NA,NA,NA,NA,NA,NA,NA,NA
La Lumière :,"[1. année, no 1 (9 fév. 1851)-, Ceased 30 mars 1867.]",NA,NA,[Paris] :,"J. Lafitte,",1995.,NA,"Reprint of the first 10 years of the serial, when it was edited by Ernest Lacan; with added introd. and index. Originally published weekly: Paris : Typographie De Hennuyer.",2 v. :,ill. ;,Weekly.,NA,NA,NA,NA,"[Periodicals., Periodicals.]",NA,NA,NA,NA,NA,NA,NA,NA,NA,NA,NA,NA,NA,NA,NA
Magasin pittoresque.,v. 1- ; 1833-,NA,NA,Paris.,NA,NA,NA,NA,v.,ill.,"Issued in weekly or monthly parts, (1833-1848), monthly 1849-1878; semimonthly 1879- .",NA,NA,NA,NA,"[Early works to 1850, Periodicals.]",NA,NA,NA,NA,NA,NA,NA,NA,NA,NA,NA,NA,NA,NA,NA
Le Moniteur universel.,NA,NA,NA,Paris :,"[s.n.],",1789-1870.,NA,NA,v. ;,NA,NA,NA,NA,NA,NA,NA,NA,NA,NA,NA,NA,NA,NA,NA,NA,NA,NA,NA,NA,NA,NA
Les Nouveautés photographiques.,1893-1914.,NA,NA,"Paris, Fr.","La Librairie Illustrée,",1893-1914.,NA,"""Complément annuelle à La Théorie, la pratique et l'art en photographie""--1893 t.p.",NA,ill.,Annual.,NA,NA,NA,NA,Periodicals.,NA,NA,NA,NA,NA,NA,NA,NA,NA,NA,NA,NA,NA,NA,NA
The optical magic lantern journal and photographic enlarger,Vol. 1 (June 1889)-v. 13 (June 1903).,NA,NA,London :,"Fawcett,",1890-1903.,Lantern world,NA,13 v. :,ill.,Monthly,NA,NA,NA,[microform].,Periodicals.,NA,NA,NA,NA,NA,NA,NA,NA,NA,NA,NA,NA,NA,NA,NA
Photo-gazette.,v. 1-22; 1890-1912.,NA,NA,"Paris,",Giesler.,NA,NA,NA,22 v.,ill.,NA,NA,NA,NA,NA,Periodicals.,NA,NA,NA,NA,NA,NA,NA,NA,NA,NA,NA,NA,NA,NA,NA
The Photographic and fine art journal.,"v. 7-12; 1854-59; ser. 3, v.1; 1860.",NA,NA,"New York,",H.H. Snelling.,NA,"Photographic art journal,",NA,7 v.,ill.,NA,NA,NA,NA,NA,Periodicals.,NA,NA,NA,NA,NA,NA,NA,NA,NA,NA,NA,NA,NA,NA,NA
Photographic art journal.,Published 1851-1853.,NA,Photographic and fine art journal,"New York,",H.H. Snelling.,NA,NA,NA,v.,ill.,NA,NA,NA,NA,NA,NA,NA,NA,NA,NA,NA,NA,NA,NA,NA,NA,NA,NA,NA,NA,NA
The Photographic journal of America :,"[Vol. 52, no. 1 (Jan. 1915)-, Ceased with July 1933.]",NA,Camera,New York :,"Edward L. Wilson Co., inc.,",1915-,Wilson's photographic magazine,NA,v. :,ill. ;,NA,NA,NA,NA,NA,Periodicals.,NA,NA,NA,NA,NA,NA,NA,NA,NA,NA,NA,NA,NA,NA,NA
Wilson's photographic magazine.,"Vol. 26, no. 338 (Jan. 19, 1889)-v. 51, no. 12 (Dec. 1914).",NA,Photographic journal of America,[New York :,"Edward L. Wilson,",1889-1914],Philadelphia photographer,NA,v. ;,NA,NA,NA,NA,NA,NA,Periodicals.,NA,NA,NA,NA,NA,NA,NA,NA,NA,NA,NA,NA,NA,NA,NA
The Philadelphia photographer.,"Vol. 1, no. 1 (Jan. 1864)-v. 25 (1888).",NA,Wilson's photographic magazine,Philadelphia :,"Benerman & Wilson,",[1864-1888],"[Photographic world, Photographer's friend]",The Magic lantern was issued in connection with the publication from Sept. 1874-Jan. 1885.,25 v. :,ill. ;,Semimonthly,NA,NA,NA,NA,NA,NA,NA,NA,NA,NA,NA,NA,NA,NA,NA,NA,NA,NA,NA,NA
The Photographic world.,v.1-2; 1871-1872.,NA,Philadelphia photographer,"Philadelphia, Pa.,",Benerman & Wilson.,NA,NA,NA,2 v.,ill.,NA,NA,NA,NA,NA,Periodicals.,NA,NA,NA,NA,NA,NA,NA,NA,NA,NA,NA,NA,NA,NA,NA
The Photographer's friend,v. 1 (1871)-v. 4 (1874).,NA,Philadelphia photographer,"Baltimore, Md. :","R. Walzl,",NA,NA,NA,4 v. :,ill. ;,NA,NA,NA,NA,[microform].,Periodicals.,NA,NA,NA,NA,NA,NA,NA,NA,NA,NA,NA,NA,NA,NA,NA
Photographic mosaics;,v. [1]-37; 1866-1901.,NA,NA,New York [etc.],E.L. Wilson [etc.],NA,NA,NA,37 v.,"ill., diagrs., ports.,",NA,NA,NA,NA,NA,Periodicals.,NA,NA,NA,NA,NA,NA,NA,NA,NA,NA,NA,NA,NA,NA,NA
Photographic notes,v. 1-13; 1856-1868.,NA,NA,"London,","Bland,",1856-1868.,NA,NA,13 v.,ill.,NA,NA,"Journal of the Photographic Society of Scotland, Manchester Photographic Society and of the Birmingham Photographic Society.",NA,[microform].,Periodicals.,NA,NA,NA,NA,NA,NA,NA,NA,NA,NA,NA,NA,NA,NA,NA
Photographic review of medicine and surgery :,Vol. 1 (1870-1871)-v.2 (1871-1872),NA,NA,Philadelphia :,"J.B. Lippincott & Co,",1871-1872.,NA,NA,2 v. :,photographs ;,NA,NA,NA,NA,NA,Periodicals.,NA,NA,NA,NA,NA,NA,NA,NA,NA,NA,NA,NA,NA,NA,NA
Photographische Korrespondenz;,"[Began publication in 1864., Ceased publication after v. 107 (1971).]",Supplements accompany some numbers.,NA,"Wien [etc.],",O. Helwich [etc.],NA,NA,NA,v.,"ill. (part col.) ports., photos.",NA,NA,Organ of the Photographische Gesellschaft in Wien and similar societies.,NA,NA,Periodicals.,NA,NA,NA,NA,NA,NA,NA,NA,NA,NA,NA,NA,NA,NA,NA
Photographische Mitteilungen.,v. 1-48; Apr. 1864-1911.,NA,Photographische Rundschau und Mitteilungen,"Berlin,",Verein zur Förderung der Photographie.,NA,NA,NA,48,"ill.,",Semimonthly,NA,NA,NA,NA,NA,NA,NA,NA,NA,NA,NA,NA,NA,NA,NA,NA,NA,NA,NA,NA
Photographische rundschau und mitteilungen.,NA,NA,Fotografische rundschau und mitteilungen,Halle :,"Photographische Verlagsgesellschaft,",1912-1933.,"[Photographische mitteilungen, Photographische rundschau]",Absorbed Photographische rundschau in Jan. 1912.,NA,"ill.,",NA,NA,NA,NA,NA,Periodicals.,NA,NA,NA,NA,NA,NA,NA,NA,NA,NA,NA,NA,NA,NA,NA
Fotografische Rundschau und Mitteilungen.,71. Jahrg. (1934)-,NA,"[Gebrauchsfotografie, Kleinbild, Farben-Fotografie, Fotografie]","Halle, :","Photographische Verlagsgesellschaft,",1934-,"[Photografische Rundschau und Mitteilungen, Lichtbild]","Merged with: Gebrauchsfotografie; Kleinbild; Farben-Fotografie and other publications, to form: Fotografie. Cf. ULS.",NA,"ill.,",NA,NA,NA,NA,NA,Periodicals.,NA,NA,NA,NA,NA,NA,NA,NA,NA,NA,NA,NA,NA,NA,NA
Das Lichtbild.,"1. Jahrg., Ausg. 1 (Aug. 1925)-",NA,Fotographische Rundschau und Mitteilungen,Haida/Böhmen [Austria] :,"J.F. Rimpler,",NA,NA,NA,v. :,ill. ;,NA,NA,Offizielles verbands-organ des Deutschen Lichtbildner-Verbandes in der Tschechosolowakischen Republik.,NA,NA,Periodicals.,NA,NA,NA,NA,NA,NA,NA,NA,NA,NA,NA,NA,NA,NA,NA
Gebrauchs-Photographie.,"[Jahrg. 1933, Heft 4-, Ceased in 1944.]",NA,"Fotografie (Leipzig, Germany)",Halle a.S. :,"W. Knapp,",[1933-,Atelier des Photographen,"Merged with: Fotografische Rundschau, Kleinbild, and Farben-fotographie; to form: Fotografie (Leipzig, Germany).",v. :,ill.,Monthly,NA,Issued by: Gesellschaft Deutscher Lichtbildner.,NA,NA,Periodicals.,NA,NA,NA,NA,NA,NA,NA,NA,NA,NA,NA,NA,NA,NA,NA
Fotografie.,Began July 1947.,NA,NA,"Leipzig,",VEB Fotokinoverlag Leipzig.,NA,"[Gebrauchsfotografie, Fotografische Rundschau, Kleinbild, Farben-fotografie]","[Formed by the union of Gebrauchsfotografie, Fotografische Rundschau, Kleinbild, Farben-fotografie and others., Includes supplements: Mitteilungsblatt.]",v.,ill.,Monthly.,NA,NA,NA,NA,NA,NA,NA,NA,NA,NA,NA,NA,NA,NA,NA,NA,NA,NA,NA,NA
Fotografie.,Began July 1947.,NA,NA,"Leipzig,",VEB Fotokinoverlag Leipzig.,NA,"[Gebrauchsfotografie, Fotografische Rundschau, Kleinbild, Farben-fotografie]","[Formed by the union of Gebrauchsfotografie, Fotografische Rundschau, Kleinbild, Farben-fotografie and others., Includes supplements: Mitteilungsblatt.]",v.,ill.,Monthly.,NA,NA,NA,NA,NA,NA,NA,NA,NA,NA,NA,NA,NA,NA,NA,NA,NA,NA,NA,NA
Photographisches Wochenblatt.,NA,NA,NA,Berlin :,"Photographischen Vereins zu Berlin,",NA,NA,NA,v. :,ill. ;,NA,NA,NA,NA,NA,Periodicals.,NA,NA,NA,NA,NA,NA,NA,NA,NA,NA,NA,NA,NA,NA,NA
Photographisches Wochenblatt.,NA,NA,NA,Berlin :,"Photographischen Vereins zu Berlin,",NA,NA,NA,v. :,ill. ;,NA,NA,NA,NA,NA,Periodicals.,NA,NA,NA,NA,NA,NA,NA,NA,NA,NA,NA,NA,NA,NA,NA
Le Progrès photographique,Vol. 1 (1884)-v. 8 (1891).,NA,NA,Paris :,"Léon Wulff,",1884-1891.,NA,NA,8 v. :,ill. ;,NA,NA,NA,NA,[microform].,Periodicals.,NA,NA,NA,NA,NA,NA,NA,NA,NA,NA,NA,NA,NA,NA,NA
"Revista de los Progresso de la Ciencias Exactas, Fisicas y Naturales.",NA,NA,NA,Madrid.,NA,NA,NA,NA,NA,NA,NA,NA,NA,NA,NA,NA,NA,NA,NA,NA,NA,NA,NA,NA,NA,NA,NA,NA,NA,NA,NA
Revue de photographie.,"3. année, no 1 (janv. 1891)-5. [i.e. 6.] année, no. 1 (janv. 1894).",NA,"Revue suisee de photographie (Geneva, Switzerland : 1894)",[Genève :,"s.n.,",1891-1894],"Revue suisse de photographie (Geneva, Switzerland : 1889)",NA,4 v.,ill. ;,Monthly,NA,NA,NA,NA,Periodicals.,NA,NA,NA,NA,NA,NA,NA,NA,NA,NA,NA,NA,NA,NA,NA
Revue suisse de photographie.,"1ère année, no 1 (juillet 1889)-2. année, no 12 (déc. 1890).",NA,"Revue de photographie (Geneva, Switzerland)",[Genève :,"s.n.,",1889-1890],NA,NA,2 v. :,ill. ;,Monthly,NA,NA,NA,NA,Periodicals.,NA,NA,NA,NA,NA,NA,NA,NA,NA,NA,NA,NA,NA,NA,NA
Revue suisse de photographie.,"[6. année, no 2 (févr. 1894)-, Ceased with 18. année (1906).]",NA,NA,[Genève :,"s.n.,]",1894-1906.,"Revue de photographie (Geneva, Switzerland)",NA,13 v. :,ill. ;,Monthly,NA,NA,NA,NA,"[Periodicals., Periodicals.]",NA,NA,NA,NA,NA,NA,NA,NA,NA,NA,NA,NA,NA,NA,NA
Revue photographique des hopitaux de Paris.,v. 1-4 (1869-1872),NA,NA,Paris.,NA,NA,NA,NA,NA,NA,NA,NA,NA,NA,NA,NA,NA,NA,NA,NA,NA,NA,NA,NA,NA,NA,NA,NA,NA,NA,NA
Revue photographique,Began publication 1878.,NA,NA,Havre :,"Lepelletier,",NA,NA,NA,14 v. :,ill.,NA,NA,"Published for: Société française des archives photographiques, historiques et monumentales.",NA,[microform].,Periodicals.,NA,NA,NA,NA,NA,NA,NA,NA,NA,NA,NA,NA,NA,NA,NA
Semanario familiar pintoresco.,"T. 1, núm. 1-",NA,NA,Barcelona :,"S. Manero,",NA,NA,NA,v. :,ill. ;,Weekly,NA,NA,NA,NA,NA,NA,NA,NA,NA,NA,NA,NA,NA,NA,NA,NA,NA,NA,NA,NA
The St. Louis and Canadian photographer.,"[Vol. 6, no. 1 (Jan. 1888)-, Ceased with: vol. 34, no. 1 (1910).]",NA,Bulletin of photography,"[St. Louis, Mo. :","St. Louis Photographic Pub. Co.],",1888-,Saint Louis photographer,NA,29 v. :,ill. ;,Monthly,NA,NA,NA,NA,NA,NA,NA,NA,NA,NA,NA,NA,NA,NA,NA,NA,NA,NA,NA,NA
The St. Louis photographer,"Vol. 1, no. 1 (Jan. 1883)-v. 5, no. 12 (Dec. 1887).",NA,St. Louis and Canadian photographer,"St. Louis, Mo. :","St. Louis Photographic Pub. Co.,",1883-1887.,St. Louis practical photographer,NA,5 v. :,ill. ;,NA,NA,NA,NA,[microform].,Periodicals.,NA,NA,NA,NA,NA,NA,NA,NA,NA,NA,NA,NA,NA,NA,NA
The St. Louis practical photographer,"Vol. 1, no. 1 (Jan. 1877)-v. 6, no. 7 (July 1882).",NA,St. Louis photographer,"St. Louis, Mo. :","St. Louis Photographic Pub. Co.,",1877-1882.,NA,NA,6 v. :,ill. ;,Monthly,NA,NA,NA,[microform].,Periodicals.,NA,NA,NA,NA,NA,NA,NA,NA,NA,NA,NA,NA,NA,NA,NA
Snap shots.,Vol. 1 (Aug. 1893)-,NA,NA,"New York, N.Y. :","George Murphy, inc.,",1893-,NA,NA,v. :,ill. ;,NA,NA,NA,NA,NA,NA,NA,NA,NA,NA,NA,NA,NA,NA,NA,NA,NA,NA,NA,NA,NA
The Year-book of photography and photographic news almanac for ...,1864-1895.,NA,Year book of photography and amateur's holiday guide for ...,London [England] :,"T. Piper,",1864-,Photographic news almanac for ...,NA,v. ;,NA,Annual,NA,NA,NA,NA,Periodicals.,NA,NA,NA,NA,NA,NA,NA,NA,NA,NA,NA,NA,NA,NA,NA
The Photographic news almanac for ...,1860-1863.,NA,Year-book of photography and photographic news almanac for ...,London [England] :,"Cassell, Petter, and Galpin,",1860-1863.,"[Photographic news almanack, Photographic almanac]",NA,4 v. ;,NA,Annual,NA,NA,NA,NA,NA,NA,NA,NA,NA,NA,NA,NA,NA,NA,NA,NA,NA,NA,NA,NA
The Year book of photography and amateur's guide for...,1897-1907/08.,NA,British journal photographic almanac and photographer's daily companion,London :,"The Photographic News,",1897-1908.,Year book of photography and amateur's holiday guide for ...,NA,11 v. :,ill. ;,Annual,NA,NA,NA,NA,Periodicals.,NA,NA,NA,NA,NA,NA,NA,NA,NA,NA,NA,NA,NA,NA,NA
The British journal photographic almanac and photographer's daily companion,NA,NA,British journal photographic annual and photographer's daily companion.,London :,Henry Greenwood.,NA,Year book of photography and amateurs guide for ..,"Issued as a supplement to the British journal of photography of Dec. 15, 1859 when it first appeared as a wall calendar for the year 1860. Vols. for 1861-65 issued gratuitously to the Journal's subscribers; sold as a separate publication beginning 1866.",v. :,ill. ;,NA,NA,NA,NA,NA,Periodicals.,NA,NA,NA,NA,NA,NA,NA,NA,NA,NA,NA,NA,NA,NA,NA
The British journal of photography.,"Vol. 8, no. 108 (Jan. 1, 1860)-",NA,NA,London :,"H. Greenwood,",1860-,"[Photographic journal (Liverpool, England), British journal of digital imaging]","[Has supplements: Lantern record, Oct. 1892-Dec. 1901; British journal of photography monthly supplement on colour photography, Jan. 1907- ; British journal of photography. Information directory, <1933- >; BJP information directory, <1995- >, Issues for Feb. 12, 1997- include: British journal of digital imaging, with its own enumeration and pagination.]",v. :,ill. ;,"Monthly,",Br. j. photogr.,NA,NA,NA,Periodicals.,NA,NA,NA,NA,NA,NA,NA,NA,NA,NA,NA,NA,NA,NA,NA
